android_2012_07,android_2012_08
PublicEvent,IssuesEvent
PublicEvent,IssuesEvent
PublicEvent,IssuesEvent
PublicEvent,IssuesEvent
ForkEvent,PushEvent
ForkEvent,PushEvent
ForkEvent,PushEvent
ForkEvent,PushEvent
ForkEvent,PushEvent
ForkEvent,PushEvent
ForkEvent,PushEvent
ForkEvent,PushEvent
IssueCommentEvent,ForkEvent
IssueCommentEvent,ForkEvent
IssueCommentEvent,ForkEvent
IssueCommentEvent,ForkEvent
IssuesEvent,ForkEvent
IssuesEvent,ForkEvent
IssuesEvent,ForkEvent
IssuesEvent,ForkEvent
IssuesEvent,ForkEvent
IssuesEvent,ForkEvent
IssuesEvent,ForkEvent
IssuesEvent,ForkEvent
ForkEvent,PushEvent
ForkEvent,PushEvent
ForkEvent,PushEvent
ForkEvent,PushEvent
ForkEvent,ForkEvent
ForkEvent,ForkEvent
ForkEvent,ForkEvent
ForkEvent,ForkEvent
IssueCommentEvent,PushEvent
IssueCommentEvent,PushEvent
IssueCommentEvent,PushEvent
IssueCommentEvent,PushEvent
IssueCommentEvent,IssueCommentEvent
IssueCommentEvent,IssueCommentEvent
IssueCommentEvent,IssueCommentEvent
IssueCommentEvent,IssueCommentEvent
IssueCommentEvent,IssueCommentEvent
IssueCommentEvent,IssueCommentEvent
IssueCommentEvent,IssuesEvent
IssueCommentEvent,IssuesEvent
IssueCommentEvent,IssueCommentEvent
IssueCommentEvent,IssueCommentEvent
IssueCommentEvent,IssuesEvent
IssueCommentEvent,IssuesEvent
IssueCommentEvent,PushEvent
IssueCommentEvent,PushEvent
IssueCommentEvent,PushEvent
IssueCommentEvent,PushEvent
IssueCommentEvent,PushEvent
IssueCommentEvent,PushEvent
IssueCommentEvent,PushEvent
IssueCommentEvent,PushEvent
IssueCommentEvent,PushEvent
IssueCommentEvent,PushEvent
IssueCommentEvent,PushEvent
IssueCommentEvent,PushEvent
IssueCommentEvent,ForkEvent
IssueCommentEvent,ForkEvent
IssueCommentEvent,ForkEvent
IssueCommentEvent,ForkEvent
IssueCommentEvent,ForkEvent
IssueCommentEvent,ForkEvent
IssueCommentEvent,ForkEvent
IssueCommentEvent,ForkEvent
IssuesEvent,ForkEvent
IssuesEvent,ForkEvent
IssuesEvent,ForkEvent
IssuesEvent,ForkEvent
IssuesEvent,IssueCommentEvent
IssuesEvent,IssueCommentEvent
IssuesEvent,IssueCommentEvent
IssuesEvent,IssueCommentEvent
ForkEvent,IssueCommentEvent
ForkEvent,IssueCommentEvent
ForkEvent,IssueCommentEvent
ForkEvent,IssueCommentEvent
ForkEvent,IssueCommentEvent
ForkEvent,IssueCommentEvent
ForkEvent,IssueCommentEvent
ForkEvent,IssueCommentEvent
ForkEvent,IssueCommentEvent
ForkEvent,IssueCommentEvent
ForkEvent,IssueCommentEvent
ForkEvent,IssueCommentEvent
IssueCommentEvent,IssueCommentEvent
IssueCommentEvent,IssueCommentEvent
IssueCommentEvent,IssueCommentEvent
IssueCommentEvent,IssueCommentEvent
ForkEvent,IssueCommentEvent
ForkEvent,IssueCommentEvent
ForkEvent,IssueCommentEvent
ForkEvent,IssueCommentEvent
IssuesEvent,IssueCommentEvent
IssuesEvent,IssueCommentEvent
IssuesEvent,IssueCommentEvent
IssuesEvent,IssueCommentEvent
ForkEvent,IssueCommentEvent
ForkEvent,IssueCommentEvent
ForkEvent,IssueCommentEvent
ForkEvent,IssueCommentEvent
IssueCommentEvent,ForkEvent
IssueCommentEvent,ForkEvent
IssueCommentEvent,ForkEvent
IssueCommentEvent,ForkEvent
IssuesEvent,ForkEvent
IssuesEvent,ForkEvent
IssuesEvent,ForkEvent
IssuesEvent,ForkEvent
ForkEvent,ForkEvent
ForkEvent,ForkEvent
ForkEvent,ForkEvent
ForkEvent,ForkEvent
IssueCommentEvent,ForkEvent
IssueCommentEvent,ForkEvent
IssueCommentEvent,ForkEvent
IssueCommentEvent,ForkEvent
IssueCommentEvent,ForkEvent
IssueCommentEvent,ForkEvent
IssueCommentEvent,ForkEvent
IssueCommentEvent,ForkEvent
IssueCommentEvent,ForkEvent
IssueCommentEvent,ForkEvent
IssueCommentEvent,ForkEvent
IssueCommentEvent,ForkEvent
IssuesEvent,ForkEvent
IssuesEvent,ForkEvent
IssuesEvent,ForkEvent
IssuesEvent,ForkEvent
IssueCommentEvent,ForkEvent
IssueCommentEvent,ForkEvent
IssueCommentEvent,ForkEvent
IssueCommentEvent,ForkEvent
PushEvent,IssuesEvent
PushEvent,IssuesEvent
PushEvent,IssuesEvent
PushEvent,IssuesEvent
PushEvent,ForkEvent
PushEvent,ForkEvent
PushEvent,ForkEvent
PushEvent,ForkEvent
CreateEvent,ForkEvent
CreateEvent,ForkEvent
CreateEvent,IssueCommentEvent
CreateEvent,IssueCommentEvent
IssueCommentEvent,IssueCommentEvent
IssuesEvent,IssueCommentEvent
IssuesEvent,PushEvent
IssueCommentEvent,PushEvent
IssueCommentEvent,PushEvent
IssueCommentEvent,PushEvent
IssuesEvent,IssueCommentEvent
IssuesEvent,IssueCommentEvent
ForkEvent,PullRequestEvent
ForkEvent,PullRequestEvent
ForkEvent,PushEvent
ForkEvent,PushEvent
IssuesEvent,PushEvent
IssuesEvent,PushEvent
IssuesEvent,PushEvent
IssuesEvent,PushEvent
IssueCommentEvent,IssuesEvent
IssueCommentEvent,IssueCommentEvent
IssueCommentEvent,IssuesEvent
IssueCommentEvent,IssueCommentEvent
IssueCommentEvent,PullRequestEvent
IssuesEvent,PullRequestEvent
IssuesEvent,IssueCommentEvent
IssueCommentEvent,IssueCommentEvent
IssuesEvent,PushEvent
IssuesEvent,PushEvent
IssueCommentEvent,IssueCommentEvent
IssueCommentEvent,IssueCommentEvent
IssuesEvent,PullRequestEvent
IssuesEvent,PullRequestEvent
IssuesEvent,PushEvent
IssuesEvent,PushEvent
IssueCommentEvent,ForkEvent
IssueCommentEvent,ForkEvent
IssueCommentEvent,IssuesEvent
IssueCommentEvent,IssuesEvent
ForkEvent,PushEvent
ForkEvent,PushEvent
ForkEvent,IssuesEvent
ForkEvent,IssuesEvent
IssuesEvent,IssueCommentEvent
IssuesEvent,IssueCommentEvent
IssueCommentEvent,PushEvent
IssueCommentEvent,PushEvent
IssueCommentEvent,ForkEvent
IssuesEvent,ForkEvent
IssuesEvent,ForkEvent
IssueCommentEvent,ForkEvent
IssueCommentEvent,PushEvent
IssueCommentEvent,PullRequestEvent
IssueCommentEvent,PullRequestEvent
IssueCommentEvent,ForkEvent
IssueCommentEvent,ForkEvent
IssueCommentEvent,PushEvent
IssueCommentEvent,PushEvent
IssueCommentEvent,PullRequestEvent
IssuesEvent,IssueCommentEvent
IssuesEvent,PullRequestEvent
IssuesEvent,IssueCommentEvent
IssuesEvent,CreateEvent
IssueCommentEvent,CreateEvent
IssueCommentEvent,PushEvent
IssueCommentEvent,PushEvent
IssueCommentEvent,IssueCommentEvent
IssuesEvent,IssueCommentEvent
IssuesEvent,ForkEvent
IssuesEvent,ForkEvent
IssuesEvent,IssueCommentEvent
ForkEvent,IssueCommentEvent
ForkEvent,PushEvent
ForkEvent,PushEvent
ForkEvent,IssueCommentEvent
IssueCommentEvent,IssueCommentEvent
IssueCommentEvent,IssuesEvent
IssueCommentEvent,IssuesEvent
IssueCommentEvent,IssueCommentEvent
IssueCommentEvent,IssueCommentEvent
IssueCommentEvent,IssuesEvent
IssueCommentEvent,IssuesEvent
IssueCommentEvent,IssueCommentEvent
IssueCommentEvent,IssueCommentEvent
IssueCommentEvent,IssueCommentEvent
IssueCommentEvent,IssueCommentEvent
IssueCommentEvent,ForkEvent
IssueCommentEvent,ForkEvent
IssueCommentEvent,ForkEvent
IssueCommentEvent,ForkEvent
IssueCommentEvent,ForkEvent
IssuesEvent,ForkEvent
IssuesEvent,ForkEvent
IssuesEvent,ForkEvent
IssuesEvent,PushEvent
IssueCommentEvent,PushEvent
IssueCommentEvent,ForkEvent
IssueCommentEvent,ForkEvent
IssueCommentEvent,IssueCommentEvent
PushEvent,IssueCommentEvent
PushEvent,IssuesEvent
PushEvent,IssuesEvent
PushEvent,IssueCommentEvent
IssueCommentEvent,IssueCommentEvent
IssueCommentEvent,IssueCommentEvent
IssueCommentEvent,IssueCommentEvent
IssueCommentEvent,PushEvent
IssueCommentEvent,PushEvent
IssueCommentEvent,ForkEvent
IssueCommentEvent,ForkEvent
IssueCommentEvent,PushEvent
IssueCommentEvent,PullRequestEvent
IssueCommentEvent,PullRequestEvent
IssueCommentEvent,IssueCommentEvent
IssueCommentEvent,IssueCommentEvent
IssueCommentEvent,IssueCommentEvent
IssueCommentEvent,IssueCommentEvent
IssueCommentEvent,IssueCommentEvent
IssueCommentEvent,IssueCommentEvent
IssuesEvent,IssueCommentEvent
IssuesEvent,IssueCommentEvent
IssuesEvent,IssueCommentEvent
IssuesEvent,IssueCommentEvent
IssuesEvent,ForkEvent
IssuesEvent,ForkEvent
IssuesEvent,ForkEvent
IssuesEvent,ForkEvent
IssuesEvent,IssueCommentEvent
IssuesEvent,IssueCommentEvent
IssuesEvent,IssueCommentEvent
IssuesEvent,IssueCommentEvent
IssueCommentEvent,IssueCommentEvent
IssueCommentEvent,IssueCommentEvent
IssueCommentEvent,IssueCommentEvent
IssueCommentEvent,IssueCommentEvent
IssueCommentEvent,IssueCommentEvent
IssueCommentEvent,IssueCommentEvent
IssueCommentEvent,IssueCommentEvent
IssueCommentEvent,IssueCommentEvent
PushEvent,IssueCommentEvent
PushEvent,IssueCommentEvent
PushEvent,IssueCommentEvent
PushEvent,IssueCommentEvent
IssueCommentEvent,IssueCommentEvent
IssueCommentEvent,IssueCommentEvent
IssueCommentEvent,IssuesEvent
IssueCommentEvent,IssuesEvent
IssuesEvent,IssueCommentEvent
IssuesEvent,IssueCommentEvent
IssuesEvent,IssueCommentEvent
IssuesEvent,IssueCommentEvent
IssueCommentEvent,IssueCommentEvent
IssueCommentEvent,IssueCommentEvent
IssueCommentEvent,IssueCommentEvent
IssueCommentEvent,IssueCommentEvent
ForkEvent,IssueCommentEvent
ForkEvent,IssueCommentEvent
ForkEvent,IssueCommentEvent
ForkEvent,IssueCommentEvent
IssueCommentEvent,IssueCommentEvent
IssueCommentEvent,IssueCommentEvent
IssueCommentEvent,IssueCommentEvent
IssueCommentEvent,IssueCommentEvent
ForkEvent,IssueCommentEvent
ForkEvent,IssueCommentEvent
ForkEvent,IssueCommentEvent
ForkEvent,IssueCommentEvent
IssueCommentEvent,IssueCommentEvent
IssueCommentEvent,IssueCommentEvent
IssueCommentEvent,IssuesEvent
IssueCommentEvent,IssuesEvent
IssueCommentEvent,IssuesEvent
IssueCommentEvent,IssuesEvent
IssueCommentEvent,IssuesEvent
IssueCommentEvent,IssuesEvent
ForkEvent,IssueCommentEvent
ForkEvent,IssueCommentEvent
ForkEvent,IssueCommentEvent
ForkEvent,IssueCommentEvent
IssueCommentEvent,IssuesEvent
IssueCommentEvent,IssuesEvent
IssueCommentEvent,ForkEvent
IssueCommentEvent,ForkEvent
ForkEvent,IssueCommentEvent
ForkEvent,IssueCommentEvent
ForkEvent,IssueCommentEvent
ForkEvent,IssueCommentEvent
IssuesEvent,ForkEvent
IssuesEvent,ForkEvent
IssuesEvent,IssuesEvent
IssuesEvent,IssuesEvent
ForkEvent,IssuesEvent
ForkEvent,IssuesEvent
ForkEvent,ForkEvent
ForkEvent,ForkEvent
ForkEvent,PushEvent
ForkEvent,PushEvent
ForkEvent,ForkEvent
ForkEvent,ForkEvent
IssuesEvent,IssueCommentEvent
IssuesEvent,IssueCommentEvent
IssuesEvent,IssuesEvent
IssuesEvent,IssuesEvent
ForkEvent,IssueCommentEvent
ForkEvent,IssueCommentEvent
ForkEvent,DownloadEvent
ForkEvent,DownloadEvent
IssueCommentEvent,ForkEvent
IssueCommentEvent,ForkEvent
IssueCommentEvent,ForkEvent
IssueCommentEvent,ForkEvent
ForkEvent,IssuesEvent
ForkEvent,IssuesEvent
ForkEvent,ForkEvent
ForkEvent,ForkEvent
ForkEvent,ForkEvent
ForkEvent,ForkEvent
ForkEvent,ForkEvent
ForkEvent,ForkEvent
PushEvent,ForkEvent
PushEvent,ForkEvent
PushEvent,ForkEvent
PushEvent,ForkEvent
ForkEvent,PushEvent
ForkEvent,PushEvent
ForkEvent,ForkEvent
ForkEvent,ForkEvent
IssuesEvent,PushEvent
IssuesEvent,PushEvent
IssuesEvent,ForkEvent
IssuesEvent,ForkEvent
IssueCommentEvent,PushEvent
IssueCommentEvent,PushEvent
IssueCommentEvent,ForkEvent
IssueCommentEvent,ForkEvent
ForkEvent,ForkEvent
ForkEvent,ForkEvent
ForkEvent,ForkEvent
ForkEvent,ForkEvent
IssueCommentEvent,ForkEvent
IssueCommentEvent,PushEvent
IssueCommentEvent,PushEvent
IssueCommentEvent,PushEvent
IssueCommentEvent,PushEvent
IssueCommentEvent,PushEvent
IssueCommentEvent,PushEvent
IssueCommentEvent,CreateEvent
IssuesEvent,PushEvent
IssuesEvent,PushEvent
IssuesEvent,ForkEvent
IssuesEvent,ForkEvent
IssueCommentEvent,ForkEvent
IssueCommentEvent,ForkEvent
IssueCommentEvent,IssueCommentEvent
IssueCommentEvent,IssueCommentEvent
IssueCommentEvent,PushEvent
IssueCommentEvent,PushEvent
IssueCommentEvent,IssueCommentEvent
IssueCommentEvent,IssueCommentEvent
ForkEvent,IssuesEvent
ForkEvent,IssuesEvent
ForkEvent,IssueCommentEvent
ForkEvent,IssueCommentEvent
ForkEvent,IssuesEvent
ForkEvent,IssuesEvent
ForkEvent,PushEvent
ForkEvent,PushEvent
IssueCommentEvent,PullRequestEvent
IssueCommentEvent,PullRequestEvent
IssueCommentEvent,
IssueCommentEvent,
ForkEvent,
ForkEvent,
ForkEvent,
ForkEvent,
IssueCommentEvent,
IssueCommentEvent,
IssueCommentEvent,
IssueCommentEvent,
PushEvent,
PushEvent,
PushEvent,
PushEvent,
IssueCommentEvent,
IssueCommentEvent,
IssueCommentEvent,
IssueCommentEvent,
IssueCommentEvent,
IssueCommentEvent,
IssueCommentEvent,
IssueCommentEvent,
IssuesEvent,
IssuesEvent,
IssuesEvent,
IssuesEvent,
ForkEvent,
ForkEvent,
ForkEvent,
ForkEvent,
ForkEvent,
ForkEvent,
ForkEvent,
ForkEvent,
IssuesEvent,
IssuesEvent,
IssuesEvent,
IssuesEvent,
ForkEvent,
ForkEvent,
ForkEvent,
ForkEvent,
ForkEvent,
ForkEvent,
ForkEvent,
ForkEvent,
ForkEvent,
ForkEvent,
ForkEvent,
ForkEvent,
ForkEvent,
ForkEvent,
ForkEvent,
ForkEvent,
ForkEvent,
ForkEvent,
ForkEvent,
ForkEvent,
ForkEvent,
ForkEvent,
ForkEvent,
ForkEvent,
ForkEvent,
ForkEvent,
ForkEvent,
ForkEvent,
ForkEvent,
ForkEvent,
ForkEvent,
ForkEvent,
IssuesEvent,
IssuesEvent,
IssuesEvent,
IssuesEvent,
IssueCommentEvent,
IssueCommentEvent,
IssueCommentEvent,
IssueCommentEvent,
IssueCommentEvent,
IssueCommentEvent,
IssueCommentEvent,
IssueCommentEvent,
IssuesEvent,
IssuesEvent,
IssuesEvent,
IssuesEvent,
ForkEvent,
ForkEvent,
ForkEvent,
ForkEvent,
ForkEvent,
ForkEvent,
ForkEvent,
ForkEvent,
PushEvent,
PushEvent,
PushEvent,
PushEvent,
ForkEvent,
ForkEvent,
ForkEvent,
ForkEvent,
ForkEvent,
ForkEvent,
ForkEvent,
ForkEvent,
ForkEvent,
ForkEvent,
ForkEvent,
ForkEvent,
ForkEvent,
ForkEvent,
ForkEvent,
ForkEvent,
IssuesEvent,
IssuesEvent,
IssuesEvent,
IssuesEvent,
ForkEvent,
ForkEvent,
ForkEvent,
ForkEvent,
ForkEvent,
ForkEvent,
ForkEvent,
ForkEvent,
ForkEvent,
ForkEvent,
ForkEvent,
ForkEvent,
ForkEvent,
ForkEvent,
ForkEvent,
ForkEvent,
ForkEvent,
ForkEvent,
ForkEvent,
ForkEvent,
IssueCommentEvent,
IssueCommentEvent,
IssueCommentEvent,
IssueCommentEvent,
IssueCommentEvent,
IssueCommentEvent,
IssueCommentEvent,
IssueCommentEvent,
IssueCommentEvent,
IssueCommentEvent,
IssueCommentEvent,
IssueCommentEvent,
ForkEvent,
ForkEvent,
ForkEvent,
ForkEvent,
ForkEvent,
ForkEvent,
ForkEvent,
ForkEvent,
IssueCommentEvent,
IssueCommentEvent,
IssueCommentEvent,
IssueCommentEvent,
IssueCommentEvent,
IssueCommentEvent,
IssueCommentEvent,
IssueCommentEvent,
IssueCommentEvent,
IssueCommentEvent,
IssueCommentEvent,
IssueCommentEvent,
IssueCommentEvent,
IssueCommentEvent,
IssueCommentEvent,
IssueCommentEvent,
ForkEvent,
ForkEvent,
ForkEvent,
ForkEvent,
ForkEvent,
ForkEvent,
ForkEvent,
ForkEvent,
PushEvent,
PushEvent,
PushEvent,
PushEvent,
PushEvent,
PushEvent,
PushEvent,
PushEvent,
IssueCommentEvent,
IssueCommentEvent,
IssueCommentEvent,
IssueCommentEvent,
IssueCommentEvent,
IssueCommentEvent,
IssueCommentEvent,
IssueCommentEvent,
ForkEvent,
ForkEvent,
ForkEvent,
ForkEvent,
IssueCommentEvent,
IssueCommentEvent,
IssueCommentEvent,
IssueCommentEvent,
IssueCommentEvent,
IssueCommentEvent,
IssueCommentEvent,
IssueCommentEvent,
IssueCommentEvent,
IssueCommentEvent,
IssueCommentEvent,
IssueCommentEvent,
IssuesEvent,
IssuesEvent,
IssuesEvent,
IssuesEvent,
IssueCommentEvent,
IssueCommentEvent,
IssueCommentEvent,
IssueCommentEvent,
IssueCommentEvent,
IssueCommentEvent,
IssueCommentEvent,
IssueCommentEvent,
PushEvent,
PushEvent,
PushEvent,
PushEvent,
PushEvent,
PushEvent,
PushEvent,
PushEvent,
IssueCommentEvent,
IssueCommentEvent,
IssueCommentEvent,
IssueCommentEvent,
IssueCommentEvent,
IssueCommentEvent,
IssueCommentEvent,
IssueCommentEvent,
ForkEvent,
ForkEvent,
ForkEvent,
ForkEvent,
ForkEvent,
ForkEvent,
ForkEvent,
ForkEvent,
PushEvent,
PushEvent,
PushEvent,
PushEvent,
IssuesEvent,
IssueCommentEvent,
IssuesEvent,
IssueCommentEvent,
IssueCommentEvent,
IssuesEvent,
IssuesEvent,
IssueCommentEvent,
IssueCommentEvent,
IssueCommentEvent,
IssuesEvent,
IssuesEvent,
IssueCommentEvent,
IssueCommentEvent,
IssuesEvent,
IssuesEvent,
PushEvent,
PushEvent,
PushEvent,
PushEvent,
PushEvent,
PushEvent,
PushEvent,
PushEvent,
ForkEvent,
ForkEvent,
ForkEvent,
ForkEvent,
PushEvent,
PushEvent,
PushEvent,
PushEvent,
PushEvent,
PushEvent,
PushEvent,
PushEvent,
PullRequestEvent,
PullRequestEvent,
PullRequestEvent,
PullRequestEvent,
PushEvent,
PushEvent,
PushEvent,
PushEvent,
PushEvent,
PushEvent,
PushEvent,
PushEvent,
ForkEvent,
ForkEvent,
ForkEvent,
ForkEvent,
ForkEvent,
ForkEvent,
ForkEvent,
ForkEvent,
CreateEvent,
CreateEvent,
CreateEvent,
CreateEvent,
PushEvent,
PushEvent,
PushEvent,
PushEvent,
PushEvent,
PushEvent,
PushEvent,
PushEvent,
CreateEvent,
CreateEvent,
CreateEvent,
CreateEvent,
CreateEvent,
CreateEvent,
CreateEvent,
CreateEvent,
DeleteEvent,
DeleteEvent,
DeleteEvent,
DeleteEvent,
DeleteEvent,
DeleteEvent,
DeleteEvent,
DeleteEvent,
ForkEvent,
ForkEvent,
ForkEvent,
ForkEvent,
IssuesEvent,
IssuesEvent,
IssuesEvent,
IssuesEvent,
PushEvent,
PushEvent,
PushEvent,
PushEvent,
PushEvent,
PushEvent,
PushEvent,
PushEvent,
PushEvent,
PushEvent,
PushEvent,
PushEvent,
PushEvent,
PushEvent,
PushEvent,
PushEvent,
PullRequestEvent,
PullRequestEvent,
PullRequestEvent,
PullRequestEvent,
IssueCommentEvent,
IssueCommentEvent,
IssueCommentEvent,
IssueCommentEvent,
ForkEvent,
ForkEvent,
ForkEvent,
ForkEvent,
PushEvent,
PushEvent,
PushEvent,
PushEvent,
PushEvent,
PushEvent,
PushEvent,
PushEvent,
PushEvent,
PushEvent,
PushEvent,
PushEvent,
IssuesEvent,
IssuesEvent,
IssuesEvent,
IssuesEvent,
IssueCommentEvent,
IssueCommentEvent,
IssuesEvent,
IssuesEvent,
IssuesEvent,
IssuesEvent,
IssueCommentEvent,
IssueCommentEvent,
PushEvent,
PushEvent,
PushEvent,
PushEvent,
IssuesEvent,
IssuesEvent,
IssuesEvent,
IssuesEvent,
IssueCommentEvent,
IssueCommentEvent,
IssueCommentEvent,
IssueCommentEvent,
IssueCommentEvent,
IssueCommentEvent,
IssueCommentEvent,
IssueCommentEvent,
ForkEvent,
ForkEvent,
ForkEvent,
ForkEvent,
IssueCommentEvent,
IssueCommentEvent,
IssueCommentEvent,
IssueCommentEvent,
IssueCommentEvent,
IssueCommentEvent,
IssueCommentEvent,
IssueCommentEvent,
IssueCommentEvent,
IssueCommentEvent,
IssueCommentEvent,
IssueCommentEvent,
IssueCommentEvent,
IssueCommentEvent,
IssueCommentEvent,
IssuesEvent,
IssueCommentEvent,
IssuesEvent,
IssuesEvent,
IssuesEvent,
ForkEvent,
ForkEvent,
ForkEvent,
ForkEvent,
IssuesEvent,
IssuesEvent,
IssuesEvent,
IssuesEvent,
PullRequestEvent,
PullRequestEvent,
PullRequestEvent,
PullRequestEvent,
IssueCommentEvent,
IssueCommentEvent,
IssueCommentEvent,
IssueCommentEvent,
IssueCommentEvent,
IssueCommentEvent,
IssueCommentEvent,
IssueCommentEvent,
IssueCommentEvent,
IssueCommentEvent,
IssueCommentEvent,
IssueCommentEvent,
IssueCommentEvent,
IssueCommentEvent,
IssueCommentEvent,
IssueCommentEvent,
ForkEvent,
ForkEvent,
ForkEvent,
ForkEvent,
PushEvent,
PushEvent,
PushEvent,
PushEvent,
PushEvent,
PushEvent,
PushEvent,
PushEvent,
PushEvent,
PushEvent,
PushEvent,
PushEvent,
IssueCommentEvent,
IssueCommentEvent,
IssueCommentEvent,
IssueCommentEvent,
PullRequestEvent,
PullRequestEvent,
PullRequestEvent,
PullRequestEvent,
IssueCommentEvent,
IssueCommentEvent,
PullRequestEvent,
IssueCommentEvent,
PullRequestEvent,
IssueCommentEvent,
PullRequestEvent,
PullRequestEvent,
PushEvent,
PushEvent,
PushEvent,
PushEvent,
PushEvent,
PushEvent,
PushEvent,
PushEvent,
IssueCommentEvent,
IssueCommentEvent,
IssueCommentEvent,
IssueCommentEvent,
PushEvent,
PushEvent,
PushEvent,
PushEvent,
IssueCommentEvent,
IssueCommentEvent,
PullRequestEvent,
PullRequestEvent,
IssueCommentEvent,
PullRequestEvent,
IssueCommentEvent,
PullRequestEvent,
ForkEvent,
ForkEvent,
ForkEvent,
ForkEvent,
ForkEvent,
ForkEvent,
ForkEvent,
ForkEvent,
ForkEvent,
ForkEvent,
ForkEvent,
ForkEvent,
ForkEvent,
ForkEvent,
ForkEvent,
ForkEvent,
ForkEvent,
ForkEvent,
ForkEvent,
ForkEvent,
IssuesEvent,
IssuesEvent,
IssuesEvent,
IssuesEvent,
IssuesEvent,
IssuesEvent,
IssuesEvent,
IssuesEvent,
CommitCommentEvent,
CommitCommentEvent,
CommitCommentEvent,
CommitCommentEvent,
IssuesEvent,
IssuesEvent,
IssuesEvent,
IssuesEvent,
IssuesEvent,
IssuesEvent,
IssuesEvent,
IssuesEvent,
IssuesEvent,
IssuesEvent,
IssuesEvent,
IssuesEvent,
ForkEvent,
ForkEvent,
ForkEvent,
ForkEvent,
IssuesEvent,
IssuesEvent,
IssuesEvent,
IssuesEvent,
IssueCommentEvent,
IssueCommentEvent,
IssueCommentEvent,
IssueCommentEvent,
IssuesEvent,
IssuesEvent,
IssuesEvent,
IssuesEvent,
IssueCommentEvent,
IssueCommentEvent,
IssueCommentEvent,
IssueCommentEvent,
ForkEvent,
ForkEvent,
ForkEvent,
ForkEvent,
IssuesEvent,
IssuesEvent,
IssuesEvent,
IssuesEvent,
IssuesEvent,
IssuesEvent,
IssuesEvent,
IssuesEvent,
IssuesEvent,
IssuesEvent,
IssuesEvent,
IssuesEvent,
IssueCommentEvent,
IssueCommentEvent,
IssueCommentEvent,
IssueCommentEvent,
PushEvent,
PushEvent,
PushEvent,
PushEvent,
PushEvent,
PushEvent,
PushEvent,
PushEvent,
CommitCommentEvent,
CommitCommentEvent,
CommitCommentEvent,
CommitCommentEvent,
ForkEvent,
ForkEvent,
ForkEvent,
ForkEvent,
IssuesEvent,
IssuesEvent,
IssuesEvent,
IssuesEvent,
ForkEvent,
ForkEvent,
ForkEvent,
ForkEvent,
IssueCommentEvent,
IssueCommentEvent,
IssueCommentEvent,
IssueCommentEvent,
IssueCommentEvent,
IssueCommentEvent,
IssueCommentEvent,
IssueCommentEvent,
IssueCommentEvent,
IssueCommentEvent,
IssueCommentEvent,
IssueCommentEvent,
PushEvent,
PushEvent,
PushEvent,
PushEvent,
IssueCommentEvent,
IssueCommentEvent,
IssueCommentEvent,
IssueCommentEvent,
IssueCommentEvent,
IssueCommentEvent,
IssueCommentEvent,
IssueCommentEvent,
IssueCommentEvent,
IssueCommentEvent,
IssueCommentEvent,
IssueCommentEvent,
IssueCommentEvent,
IssueCommentEvent,
IssueCommentEvent,
IssueCommentEvent,
IssueCommentEvent,
IssueCommentEvent,
IssueCommentEvent,
IssueCommentEvent,
IssueCommentEvent,
IssueCommentEvent,
IssueCommentEvent,
IssueCommentEvent,
IssueCommentEvent,
IssueCommentEvent,
IssueCommentEvent,
IssueCommentEvent,
IssueCommentEvent,
IssueCommentEvent,
IssueCommentEvent,
IssueCommentEvent,
IssueCommentEvent,
IssueCommentEvent,
IssueCommentEvent,
IssueCommentEvent,
IssueCommentEvent,
IssueCommentEvent,
IssueCommentEvent,
IssueCommentEvent,
IssueCommentEvent,
IssueCommentEvent,
IssueCommentEvent,
IssueCommentEvent,
IssueCommentEvent,
IssueCommentEvent,
IssueCommentEvent,
IssueCommentEvent,
IssueCommentEvent,
IssueCommentEvent,
IssueCommentEvent,
IssueCommentEvent,
IssuesEvent,
IssueCommentEvent,
IssueCommentEvent,
IssueCommentEvent,
IssuesEvent,
IssuesEvent,
IssuesEvent,
IssueCommentEvent,
IssueCommentEvent,
IssueCommentEvent,
IssueCommentEvent,
IssueCommentEvent,
IssueCommentEvent,
IssueCommentEvent,
IssueCommentEvent,
IssueCommentEvent,
IssueCommentEvent,
IssueCommentEvent,
IssueCommentEvent,
IssueCommentEvent,
IssueCommentEvent,
IssueCommentEvent,
IssueCommentEvent,
IssueCommentEvent,
IssueCommentEvent,
IssueCommentEvent,
IssueCommentEvent,
IssueCommentEvent,
IssueCommentEvent,
IssueCommentEvent,
IssueCommentEvent,
IssueCommentEvent,
IssueCommentEvent,
IssueCommentEvent,
IssueCommentEvent,
IssueCommentEvent,
IssueCommentEvent,
IssueCommentEvent,
IssueCommentEvent,
IssueCommentEvent,
IssueCommentEvent,
IssueCommentEvent,
IssueCommentEvent,
IssueCommentEvent,
ForkEvent,
ForkEvent,
ForkEvent,
ForkEvent,
PushEvent,
PushEvent,
PushEvent,
PushEvent,
PushEvent,
PushEvent,
PushEvent,
PushEvent,
PushEvent,
PushEvent,
PushEvent,
PushEvent,
PushEvent,
PushEvent,
PushEvent,
PushEvent,
PushEvent,
PushEvent,
PushEvent,
PushEvent,
PushEvent,
PushEvent,
PushEvent,
PushEvent,
CreateEvent,
CreateEvent,
CreateEvent,
CreateEvent,
PushEvent,
PushEvent,
PushEvent,
PushEvent,
CreateEvent,
CreateEvent,
CreateEvent,
CreateEvent,
PushEvent,
PushEvent,
PushEvent,
PushEvent,
PushEvent,
PushEvent,
PushEvent,
PushEvent,
PullRequestEvent,
PullRequestEvent,
PullRequestEvent,
PullRequestEvent,
ForkEvent,
ForkEvent,
ForkEvent,
ForkEvent,
CommitCommentEvent,
CommitCommentEvent,
CommitCommentEvent,
CommitCommentEvent,
PushEvent,
PushEvent,
PushEvent,
PushEvent,
CommitCommentEvent,
CommitCommentEvent,
CommitCommentEvent,
CommitCommentEvent,
ForkEvent,
ForkEvent,
ForkEvent,
ForkEvent,
CreateEvent,
CreateEvent,
CreateEvent,
CreateEvent,
PullRequestEvent,
PullRequestEvent,
PullRequestEvent,
PullRequestEvent,
ForkEvent,
ForkEvent,
ForkEvent,
ForkEvent,
ForkEvent,
ForkEvent,
ForkEvent,
ForkEvent,
PullRequestEvent,
PullRequestEvent,
PullRequestEvent,
PullRequestEvent,
IssuesEvent,
IssuesEvent,
IssuesEvent,
IssuesEvent,
CreateEvent,
CreateEvent,
CreateEvent,
CreateEvent,
CreateEvent,
CreateEvent,
CreateEvent,
CreateEvent,
PullRequestEvent,
PullRequestEvent,
PullRequestEvent,
PullRequestEvent,
PushEvent,
PushEvent,
PushEvent,
PushEvent,
PushEvent,
PushEvent,
PushEvent,
PushEvent,
IssueCommentEvent,
IssueCommentEvent,
IssueCommentEvent,
IssueCommentEvent,
IssuesEvent,
IssuesEvent,
IssuesEvent,
IssuesEvent,
ForkEvent,
ForkEvent,
ForkEvent,
ForkEvent,
ForkEvent,
ForkEvent,
ForkEvent,
ForkEvent,
ForkEvent,
ForkEvent,
ForkEvent,
ForkEvent,
ForkEvent,
ForkEvent,
ForkEvent,
ForkEvent,
IssueCommentEvent,
IssueCommentEvent,
IssueCommentEvent,
IssueCommentEvent,
IssueCommentEvent,
IssueCommentEvent,
IssueCommentEvent,
IssueCommentEvent,
PushEvent,
PushEvent,
PushEvent,
PushEvent,
PushEvent,
PushEvent,
PushEvent,
PushEvent,
PushEvent,
PushEvent,
PushEvent,
PushEvent,
ForkEvent,
ForkEvent,
ForkEvent,
ForkEvent,
PushEvent,
PushEvent,
PushEvent,
PushEvent,
IssueCommentEvent,
IssueCommentEvent,
IssueCommentEvent,
IssueCommentEvent,
PullRequestEvent,
PullRequestEvent,
PullRequestEvent,
PullRequestEvent,
IssueCommentEvent,
IssueCommentEvent,
IssueCommentEvent,
IssueCommentEvent,
PullRequestEvent,
PullRequestEvent,
PullRequestEvent,
PullRequestEvent,
IssueCommentEvent,
IssueCommentEvent,
IssueCommentEvent,
IssueCommentEvent,
PullRequestEvent,
PullRequestEvent,
PullRequestEvent,
PullRequestEvent,
IssuesEvent,
IssuesEvent,
IssuesEvent,
IssuesEvent,
IssueCommentEvent,
IssueCommentEvent,
IssueCommentEvent,
IssueCommentEvent,
PushEvent,
PushEvent,
PushEvent,
PushEvent,
PushEvent,
PushEvent,
PushEvent,
PushEvent,
IssueCommentEvent,
IssueCommentEvent,
IssueCommentEvent,
IssueCommentEvent,
ForkEvent,
ForkEvent,
ForkEvent,
ForkEvent,
IssueCommentEvent,
IssueCommentEvent,
IssueCommentEvent,
IssueCommentEvent,
ForkEvent,
ForkEvent,
ForkEvent,
ForkEvent,
ForkEvent,
ForkEvent,
ForkEvent,
ForkEvent,
ForkEvent,
ForkEvent,
ForkEvent,
ForkEvent,
ForkEvent,
ForkEvent,
ForkEvent,
ForkEvent,
ForkEvent,
ForkEvent,
ForkEvent,
ForkEvent,
ForkEvent,
ForkEvent,
ForkEvent,
ForkEvent,
PushEvent,
PushEvent,
PushEvent,
PushEvent,
ForkEvent,
ForkEvent,
ForkEvent,
ForkEvent,
ForkEvent,
ForkEvent,
ForkEvent,
ForkEvent,
ForkEvent,
ForkEvent,
ForkEvent,
ForkEvent,
ForkEvent,
ForkEvent,
ForkEvent,
ForkEvent,
PushEvent,
PushEvent,
PushEvent,
PushEvent,
PullRequestEvent,
PullRequestEvent,
PullRequestEvent,
PullRequestEvent,
ForkEvent,
ForkEvent,
ForkEvent,
ForkEvent,
ForkEvent,
ForkEvent,
ForkEvent,
ForkEvent,
PushEvent,
PushEvent,
PushEvent,
PushEvent,
IssueCommentEvent,
IssueCommentEvent,
IssueCommentEvent,
IssuesEvent,
IssuesEvent,
IssuesEvent,
IssuesEvent,
IssueCommentEvent,
PushEvent,
PushEvent,
PushEvent,
PushEvent,
IssueCommentEvent,
PullRequestEvent,
PullRequestEvent,
IssueCommentEvent,
IssueCommentEvent,
IssueCommentEvent,
PullRequestEvent,
PullRequestEvent,
PushEvent,
PushEvent,
PushEvent,
PushEvent,
IssuesEvent,
IssuesEvent,
IssuesEvent,
IssuesEvent,
IssueCommentEvent,
IssueCommentEvent,
IssueCommentEvent,
IssueCommentEvent,
ForkEvent,
ForkEvent,
ForkEvent,
ForkEvent,
IssueCommentEvent,
IssueCommentEvent,
IssuesEvent,
IssuesEvent,
IssueCommentEvent,
IssuesEvent,
IssuesEvent,
IssueCommentEvent,
PushEvent,
PushEvent,
PushEvent,
PushEvent,
PushEvent,
PushEvent,
PushEvent,
PushEvent,
PushEvent,
PushEvent,
PushEvent,
PushEvent,
IssueCommentEvent,
IssueCommentEvent,
IssueCommentEvent,
IssueCommentEvent,
PushEvent,
PushEvent,
PushEvent,
PushEvent,
PushEvent,
PushEvent,
PushEvent,
PushEvent,
ForkEvent,
ForkEvent,
ForkEvent,
ForkEvent,
IssuesEvent,
IssuesEvent,
IssuesEvent,
IssuesEvent,
IssueCommentEvent,
IssueCommentEvent,
IssueCommentEvent,
IssueCommentEvent,
IssueCommentEvent,
IssueCommentEvent,
IssueCommentEvent,
IssueCommentEvent,
ForkEvent,
ForkEvent,
ForkEvent,
ForkEvent,
PushEvent,
PushEvent,
PushEvent,
PushEvent,
CreateEvent,
CreateEvent,
CreateEvent,
CreateEvent,
IssueCommentEvent,
IssueCommentEvent,
IssueCommentEvent,
IssueCommentEvent,
PushEvent,
PushEvent,
PushEvent,
PushEvent,
ForkEvent,
ForkEvent,
ForkEvent,
ForkEvent,
ForkEvent,
ForkEvent,
ForkEvent,
ForkEvent,
IssueCommentEvent,
IssueCommentEvent,
IssueCommentEvent,
IssueCommentEvent,
IssueCommentEvent,
IssueCommentEvent,
IssueCommentEvent,
IssueCommentEvent,
IssueCommentEvent,
IssueCommentEvent,
IssueCommentEvent,
IssueCommentEvent,
PushEvent,
PushEvent,
PushEvent,
PushEvent,
PushEvent,
PushEvent,
PushEvent,
PushEvent,
ForkEvent,
ForkEvent,
ForkEvent,
ForkEvent,
ForkEvent,
ForkEvent,
ForkEvent,
ForkEvent,
PullRequestEvent,
PullRequestEvent,
PullRequestEvent,
PullRequestEvent,
IssuesEvent,
IssuesEvent,
IssuesEvent,
IssuesEvent,
ForkEvent,
ForkEvent,
ForkEvent,
ForkEvent,
PushEvent,
PushEvent,
PushEvent,
PushEvent,
IssueCommentEvent,
IssueCommentEvent,
IssueCommentEvent,
IssueCommentEvent,
PushEvent,
PushEvent,
PushEvent,
PushEvent,
PullRequestEvent,
PullRequestEvent,
PullRequestEvent,
PullRequestEvent,
ForkEvent,
ForkEvent,
ForkEvent,
ForkEvent,
IssueCommentEvent,
IssueCommentEvent,
IssueCommentEvent,
IssueCommentEvent,
IssueCommentEvent,
IssueCommentEvent,
IssueCommentEvent,
IssueCommentEvent,
ForkEvent,
ForkEvent,
ForkEvent,
ForkEvent,
PushEvent,
PushEvent,
PushEvent,
PushEvent,
PushEvent,
PushEvent,
PushEvent,
PushEvent,
PullRequestEvent,
PullRequestEvent,
PullRequestEvent,
PullRequestEvent,
ForkEvent,
ForkEvent,
ForkEvent,
ForkEvent,
ForkEvent,
ForkEvent,
ForkEvent,
ForkEvent,
ForkEvent,
ForkEvent,
ForkEvent,
ForkEvent,
ForkEvent,
ForkEvent,
ForkEvent,
ForkEvent,
ForkEvent,
ForkEvent,
ForkEvent,
ForkEvent,
ForkEvent,
ForkEvent,
ForkEvent,
ForkEvent,
CommitCommentEvent,
CommitCommentEvent,
CommitCommentEvent,
CommitCommentEvent,
CommitCommentEvent,
CommitCommentEvent,
CommitCommentEvent,
CommitCommentEvent,
CommitCommentEvent,
CommitCommentEvent,
CommitCommentEvent,
CommitCommentEvent,
CommitCommentEvent,
CommitCommentEvent,
CommitCommentEvent,
CommitCommentEvent,
ForkEvent,
ForkEvent,
ForkEvent,
ForkEvent,
CommitCommentEvent,
CommitCommentEvent,
CommitCommentEvent,
CommitCommentEvent,
CommitCommentEvent,
CommitCommentEvent,
CommitCommentEvent,
CommitCommentEvent,
CommitCommentEvent,
CommitCommentEvent,
CommitCommentEvent,
CommitCommentEvent,
CommitCommentEvent,
CommitCommentEvent,
CommitCommentEvent,
CommitCommentEvent,
PushEvent,
PushEvent,
PushEvent,
PushEvent,
PushEvent,
PushEvent,
PushEvent,
PushEvent,
ForkEvent,
ForkEvent,
ForkEvent,
ForkEvent,
ForkEvent,
ForkEvent,
ForkEvent,
ForkEvent,
IssueCommentEvent,
IssueCommentEvent,
IssueCommentEvent,
IssueCommentEvent,
IssueCommentEvent,
IssueCommentEvent,
IssueCommentEvent,
IssueCommentEvent,
IssueCommentEvent,
IssueCommentEvent,
IssueCommentEvent,
IssueCommentEvent,
PushEvent,
PushEvent,
PushEvent,
PushEvent,
ForkEvent,
ForkEvent,
ForkEvent,
ForkEvent,
ForkEvent,
ForkEvent,
ForkEvent,
ForkEvent,
PullRequestEvent,
PullRequestEvent,
PullRequestEvent,
PullRequestEvent,
ForkEvent,
ForkEvent,
ForkEvent,
ForkEvent,
PullRequestEvent,
PullRequestEvent,
PullRequestEvent,
PullRequestEvent,
PushEvent,
PushEvent,
PushEvent,
PushEvent,
IssueCommentEvent,
IssueCommentEvent,
IssueCommentEvent,
IssueCommentEvent,
IssueCommentEvent,
IssueCommentEvent,
IssueCommentEvent,
IssueCommentEvent,
ForkEvent,
ForkEvent,
ForkEvent,
ForkEvent,
ForkEvent,
ForkEvent,
ForkEvent,
ForkEvent,
ForkEvent,
ForkEvent,
ForkEvent,
ForkEvent,
CommitCommentEvent,
CommitCommentEvent,
CommitCommentEvent,
CommitCommentEvent,
CommitCommentEvent,
CommitCommentEvent,
CommitCommentEvent,
CommitCommentEvent,
ForkEvent,
ForkEvent,
ForkEvent,
ForkEvent,
CommitCommentEvent,
CommitCommentEvent,
CommitCommentEvent,
CommitCommentEvent,
CommitCommentEvent,
CommitCommentEvent,
CommitCommentEvent,
CommitCommentEvent,
ForkEvent,
ForkEvent,
ForkEvent,
ForkEvent,
CommitCommentEvent,
CommitCommentEvent,
CommitCommentEvent,
CommitCommentEvent,
CommitCommentEvent,
CommitCommentEvent,
CommitCommentEvent,
CommitCommentEvent,
IssuesEvent,
IssuesEvent,
IssuesEvent,
IssuesEvent,
PushEvent,
PushEvent,
PushEvent,
PushEvent,
PullRequestEvent,
PullRequestEvent,
PullRequestEvent,
PullRequestEvent,
PushEvent,
PushEvent,
PushEvent,
PushEvent,
PushEvent,
PushEvent,
PushEvent,
PushEvent,
ForkEvent,
ForkEvent,
ForkEvent,
ForkEvent,
PushEvent,
PushEvent,
PushEvent,
PushEvent,
PushEvent,
PushEvent,
PushEvent,
PushEvent,
CommitCommentEvent,
CommitCommentEvent,
CommitCommentEvent,
CommitCommentEvent,
CommitCommentEvent,
CommitCommentEvent,
CommitCommentEvent,
CommitCommentEvent,
ForkEvent,
ForkEvent,
ForkEvent,
ForkEvent,
IssueCommentEvent,
IssueCommentEvent,
IssueCommentEvent,
IssueCommentEvent,
PushEvent,
PushEvent,
PushEvent,
PushEvent,
ForkEvent,
ForkEvent,
ForkEvent,
ForkEvent,
PushEvent,
PushEvent,
PushEvent,
PushEvent,
PullRequestEvent,
PullRequestEvent,
PullRequestEvent,
PullRequestEvent,
IssuesEvent,
IssuesEvent,
IssuesEvent,
IssuesEvent,
ForkEvent,
ForkEvent,
ForkEvent,
ForkEvent,
IssuesEvent,
IssuesEvent,
IssuesEvent,
IssuesEvent,
ForkEvent,
ForkEvent,
ForkEvent,
ForkEvent,
IssueCommentEvent,
IssueCommentEvent,
IssueCommentEvent,
IssueCommentEvent,
PushEvent,
PushEvent,
PushEvent,
PushEvent,
PullRequestEvent,
PullRequestEvent,
PullRequestEvent,
PullRequestEvent,
ForkEvent,
ForkEvent,
ForkEvent,
ForkEvent,
ForkEvent,
ForkEvent,
ForkEvent,
ForkEvent,
IssueCommentEvent,
IssueCommentEvent,
IssueCommentEvent,
IssueCommentEvent,
ForkEvent,
ForkEvent,
ForkEvent,
ForkEvent,
PushEvent,
PushEvent,
PushEvent,
PushEvent,
ForkEvent,
ForkEvent,
ForkEvent,
ForkEvent,
ForkEvent,
ForkEvent,
ForkEvent,
ForkEvent,
ForkEvent,
ForkEvent,
ForkEvent,
ForkEvent,
IssuesEvent,
IssuesEvent,
IssuesEvent,
IssuesEvent,
IssueCommentEvent,
IssueCommentEvent,
IssueCommentEvent,
IssueCommentEvent,
IssueCommentEvent,
IssueCommentEvent,
IssueCommentEvent,
IssueCommentEvent,
ForkEvent,
ForkEvent,
ForkEvent,
ForkEvent,
IssueCommentEvent,
IssueCommentEvent,
IssueCommentEvent,
IssueCommentEvent,
IssueCommentEvent,
IssueCommentEvent,
IssueCommentEvent,
IssueCommentEvent,
IssueCommentEvent,
IssueCommentEvent,
IssueCommentEvent,
IssueCommentEvent,
ForkEvent,
ForkEvent,
ForkEvent,
ForkEvent,
