puma_2012_03,puma_2012_04,puma_2012_05,puma_2012_06,puma_2012_07,puma_2012_08
IssuesEvent,PushEvent,PushEvent,PushEvent,CreateEvent,PushEvent
IssuesEvent,PushEvent,PushEvent,PushEvent,CreateEvent,PushEvent
IssuesEvent,PushEvent,PushEvent,PushEvent,CreateEvent,PushEvent
IssuesEvent,PushEvent,PushEvent,PushEvent,CreateEvent,PushEvent
IssuesEvent,PushEvent,PushEvent,PushEvent,CreateEvent,PushEvent
IssuesEvent,PushEvent,PushEvent,PushEvent,CreateEvent,PushEvent
IssuesEvent,PushEvent,PushEvent,PushEvent,CreateEvent,PushEvent
IssuesEvent,PushEvent,PushEvent,PushEvent,CreateEvent,PushEvent
IssuesEvent,PushEvent,PushEvent,PushEvent,PushEvent,PushEvent
IssueCommentEvent,PushEvent,PushEvent,CreateEvent,PushEvent,PushEvent
IssueCommentEvent,PushEvent,PushEvent,CreateEvent,PushEvent,PushEvent
IssueCommentEvent,PushEvent,PushEvent,CreateEvent,PushEvent,PushEvent
IssueCommentEvent,PushEvent,PushEvent,CreateEvent,PushEvent,PushEvent
IssueCommentEvent,PushEvent,PushEvent,CreateEvent,PushEvent,PushEvent
IssueCommentEvent,PushEvent,PushEvent,CreateEvent,PushEvent,PushEvent
IssueCommentEvent,PushEvent,PushEvent,CreateEvent,PushEvent,PushEvent
IssueCommentEvent,PushEvent,PushEvent,CreateEvent,CreateEvent,ForkEvent
IssueCommentEvent,PushEvent,PushEvent,CreateEvent,CreateEvent,ForkEvent
IssueCommentEvent,PushEvent,PushEvent,PushEvent,CreateEvent,ForkEvent
IssueCommentEvent,PushEvent,PushEvent,PushEvent,CreateEvent,CreateEvent
IssueCommentEvent,PushEvent,PushEvent,PushEvent,CreateEvent,PushEvent
IssueCommentEvent,PushEvent,PushEvent,PushEvent,CreateEvent,PushEvent
IssueCommentEvent,PushEvent,PushEvent,PushEvent,CreateEvent,PushEvent
IssueCommentEvent,PushEvent,PushEvent,PushEvent,CreateEvent,PushEvent
IssueCommentEvent,PushEvent,PushEvent,PushEvent,CreateEvent,CreateEvent
IssueCommentEvent,PushEvent,PushEvent,PushEvent,CreateEvent,PushEvent
IssueCommentEvent,PushEvent,PushEvent,PushEvent,CreateEvent,PushEvent
PullRequestEvent,PushEvent,PushEvent,PushEvent,CreateEvent,PushEvent
PullRequestEvent,PushEvent,PushEvent,PushEvent,PushEvent,
PullRequestEvent,PushEvent,PushEvent,PushEvent,PushEvent,
PullRequestEvent,PushEvent,PushEvent,PushEvent,PushEvent,
PullRequestEvent,PushEvent,PushEvent,PushEvent,PushEvent,
PullRequestEvent,PushEvent,PushEvent,PushEvent,CreateEvent,
PullRequestEvent,PushEvent,PushEvent,PushEvent,CreateEvent,
PullRequestEvent,PushEvent,PushEvent,PushEvent,CreateEvent,
PullRequestEvent,PushEvent,PushEvent,PushEvent,CreateEvent,
IssueCommentEvent,PushEvent,PushEvent,PushEvent,CreateEvent,
IssueCommentEvent,PushEvent,PushEvent,PushEvent,CreateEvent,
IssueCommentEvent,PushEvent,PushEvent,PushEvent,CreateEvent,
IssueCommentEvent,PushEvent,PushEvent,PushEvent,CreateEvent,
IssueCommentEvent,PushEvent,PushEvent,PushEvent,CreateEvent,
IssueCommentEvent,PushEvent,PushEvent,PushEvent,CreateEvent,
IssueCommentEvent,PushEvent,PushEvent,PushEvent,CreateEvent,
IssueCommentEvent,PushEvent,PushEvent,PushEvent,CreateEvent,
IssueCommentEvent,PushEvent,PushEvent,PushEvent,,
IssueCommentEvent,PushEvent,PushEvent,PushEvent,,
IssueCommentEvent,PushEvent,PushEvent,PushEvent,,
IssueCommentEvent,PushEvent,PushEvent,PushEvent,,
IssueCommentEvent,PushEvent,PushEvent,PushEvent,,
IssueCommentEvent,PushEvent,PushEvent,PushEvent,,
IssueCommentEvent,PushEvent,PushEvent,PushEvent,,
IssueCommentEvent,PushEvent,PushEvent,PushEvent,,
IssueCommentEvent,PushEvent,PushEvent,PushEvent,,
IssueCommentEvent,PushEvent,PushEvent,PushEvent,,
IssueCommentEvent,PushEvent,PushEvent,PushEvent,,
IssueCommentEvent,PushEvent,PushEvent,PushEvent,,
IssueCommentEvent,PushEvent,PushEvent,PushEvent,,
IssueCommentEvent,PushEvent,PushEvent,PushEvent,,
IssueCommentEvent,PushEvent,PushEvent,PushEvent,,
IssueCommentEvent,PushEvent,PushEvent,PushEvent,,
IssueCommentEvent,PushEvent,PushEvent,PushEvent,,
IssueCommentEvent,PushEvent,PushEvent,PushEvent,,
IssueCommentEvent,PushEvent,PushEvent,PushEvent,,
IssueCommentEvent,PushEvent,,PushEvent,,
IssueCommentEvent,PushEvent,,PushEvent,,
IssueCommentEvent,PushEvent,,PushEvent,,
IssueCommentEvent,PushEvent,,PushEvent,,
IssueCommentEvent,PushEvent,,PushEvent,,
IssueCommentEvent,PushEvent,,PushEvent,,
IssueCommentEvent,PushEvent,,PushEvent,,
IssueCommentEvent,PushEvent,,PushEvent,,
IssueCommentEvent,PushEvent,,PushEvent,,
IssuesEvent,PushEvent,,PushEvent,,
IssuesEvent,PushEvent,,PushEvent,,
IssuesEvent,PushEvent,,PushEvent,,
IssuesEvent,PushEvent,,PushEvent,,
IssuesEvent,PushEvent,,CreateEvent,,
IssuesEvent,PushEvent,,CreateEvent,,
IssuesEvent,PushEvent,,CreateEvent,,
IssuesEvent,PushEvent,,CreateEvent,,
IssuesEvent,PushEvent,,PushEvent,,
IssueCommentEvent,CreateEvent,,PushEvent,,
IssueCommentEvent,CreateEvent,,PushEvent,,
IssueCommentEvent,CreateEvent,,PushEvent,,
IssueCommentEvent,CreateEvent,,PushEvent,,
IssueCommentEvent,CreateEvent,,PushEvent,,
IssueCommentEvent,CreateEvent,,PushEvent,,
IssueCommentEvent,CreateEvent,,PushEvent,,
IssueCommentEvent,CreateEvent,,CreateEvent,,
IssueCommentEvent,CreateEvent,,CreateEvent,,
IssueCommentEvent,CreateEvent,,CreateEvent,,
IssueCommentEvent,CreateEvent,,CreateEvent,,
IssueCommentEvent,CreateEvent,,PushEvent,,
IssueCommentEvent,CreateEvent,,PushEvent,,
IssueCommentEvent,CreateEvent,,PushEvent,,
IssueCommentEvent,CreateEvent,,PushEvent,,
IssueCommentEvent,CreateEvent,,PushEvent,,
IssueCommentEvent,CreateEvent,,PushEvent,,
IssueCommentEvent,CreateEvent,,PushEvent,,
ForkEvent,PushEvent,,PushEvent,,
ForkEvent,PushEvent,,PushEvent,,
ForkEvent,PushEvent,,PushEvent,,
ForkEvent,PushEvent,,PushEvent,,
ForkEvent,PushEvent,,PushEvent,,
ForkEvent,PushEvent,,PushEvent,,
ForkEvent,PushEvent,,PushEvent,,
ForkEvent,PushEvent,,PushEvent,,
ForkEvent,PushEvent,,PushEvent,,
ForkEvent,PushEvent,,PushEvent,,
ForkEvent,PushEvent,,PushEvent,,
ForkEvent,PushEvent,,PushEvent,,
ForkEvent,PushEvent,,PushEvent,,
ForkEvent,PushEvent,,PushEvent,,
ForkEvent,PushEvent,,PushEvent,,
ForkEvent,PushEvent,,PushEvent,,
ForkEvent,PushEvent,,PushEvent,,
ForkEvent,PushEvent,,PushEvent,,
PullRequestEvent,PushEvent,,PushEvent,,
PullRequestEvent,PushEvent,,PushEvent,,
PullRequestEvent,PushEvent,,PushEvent,,
PullRequestEvent,PushEvent,,PushEvent,,
PullRequestEvent,PushEvent,,PushEvent,,
PullRequestEvent,PushEvent,,PushEvent,,
PullRequestEvent,PushEvent,,PushEvent,,
PullRequestEvent,PushEvent,,GollumEvent,,
PullRequestEvent,PushEvent,,GollumEvent,,
PullRequestEvent,CreateEvent,,GollumEvent,,
PullRequestEvent,CreateEvent,,GollumEvent,,
PullRequestEvent,CreateEvent,,GollumEvent,,
PullRequestEvent,CreateEvent,,GollumEvent,,
PullRequestEvent,CreateEvent,,GollumEvent,,
PullRequestEvent,CreateEvent,,GollumEvent,,
PullRequestEvent,CreateEvent,,PushEvent,,
PullRequestEvent,CreateEvent,,PushEvent,,
PullRequestEvent,CreateEvent,,PushEvent,,
IssueCommentEvent,PushEvent,,PushEvent,,
IssueCommentEvent,PushEvent,,PushEvent,,
IssueCommentEvent,PushEvent,,PushEvent,,
IssueCommentEvent,PushEvent,,PushEvent,,
IssueCommentEvent,PushEvent,,PushEvent,,
IssueCommentEvent,PushEvent,,PullRequestEvent,,
IssueCommentEvent,PushEvent,,PullRequestEvent,,
IssueCommentEvent,PushEvent,,PullRequestEvent,,
IssueCommentEvent,PushEvent,,PullRequestEvent,,
IssueCommentEvent,CreateEvent,,,,
IssueCommentEvent,CreateEvent,,,,
IssueCommentEvent,CreateEvent,,,,
IssueCommentEvent,CreateEvent,,,,
IssueCommentEvent,CreateEvent,,,,
IssueCommentEvent,CreateEvent,,,,
IssueCommentEvent,CreateEvent,,,,
IssueCommentEvent,CreateEvent,,,,
IssueCommentEvent,CreateEvent,,,,
PullRequestEvent,,,,,
PullRequestEvent,,,,,
PullRequestEvent,,,,,
PullRequestEvent,,,,,
PullRequestEvent,,,,,
PullRequestEvent,,,,,
PullRequestEvent,,,,,
PullRequestEvent,,,,,
PullRequestEvent,,,,,
PushEvent,,,,,
PushEvent,,,,,
PushEvent,,,,,
PushEvent,,,,,
PushEvent,,,,,
PushEvent,,,,,
PushEvent,,,,,
PushEvent,,,,,
PushEvent,,,,,
IssueCommentEvent,,,,,
IssueCommentEvent,,,,,
IssueCommentEvent,,,,,
IssueCommentEvent,,,,,
IssueCommentEvent,,,,,
IssueCommentEvent,,,,,
IssueCommentEvent,,,,,
IssueCommentEvent,,,,,
IssueCommentEvent,,,,,
IssueCommentEvent,,,,,
IssueCommentEvent,,,,,
IssueCommentEvent,,,,,
IssueCommentEvent,,,,,
IssueCommentEvent,,,,,
IssueCommentEvent,,,,,
IssueCommentEvent,,,,,
IssueCommentEvent,,,,,
IssueCommentEvent,,,,,
IssueCommentEvent,,,,,
IssueCommentEvent,,,,,
IssueCommentEvent,,,,,
IssueCommentEvent,,,,,
IssueCommentEvent,,,,,
IssueCommentEvent,,,,,
IssueCommentEvent,,,,,
IssueCommentEvent,,,,,
IssueCommentEvent,,,,,
IssueCommentEvent,,,,,
IssueCommentEvent,,,,,
IssueCommentEvent,,,,,
IssueCommentEvent,,,,,
IssueCommentEvent,,,,,
IssueCommentEvent,,,,,
IssueCommentEvent,,,,,
IssueCommentEvent,,,,,
IssueCommentEvent,,,,,
IssueCommentEvent,,,,,
IssueCommentEvent,,,,,
IssueCommentEvent,,,,,
IssueCommentEvent,,,,,
IssueCommentEvent,,,,,
IssueCommentEvent,,,,,
IssueCommentEvent,,,,,
IssueCommentEvent,,,,,
IssueCommentEvent,,,,,
IssueCommentEvent,,,,,
IssueCommentEvent,,,,,
IssueCommentEvent,,,,,
IssueCommentEvent,,,,,
IssueCommentEvent,,,,,
IssueCommentEvent,,,,,
IssueCommentEvent,,,,,
IssueCommentEvent,,,,,
IssueCommentEvent,,,,,
ForkEvent,,,,,
ForkEvent,,,,,
ForkEvent,,,,,
ForkEvent,,,,,
ForkEvent,,,,,
ForkEvent,,,,,
ForkEvent,,,,,
ForkEvent,,,,,
ForkEvent,,,,,
PullRequestEvent,,,,,
PullRequestEvent,,,,,
PullRequestEvent,,,,,
PullRequestEvent,,,,,
PullRequestEvent,,,,,
PullRequestEvent,,,,,
PullRequestEvent,,,,,
PullRequestEvent,,,,,
PullRequestEvent,,,,,
IssuesEvent,,,,,
IssuesEvent,,,,,
IssuesEvent,,,,,
IssuesEvent,,,,,
IssuesEvent,,,,,
IssuesEvent,,,,,
IssuesEvent,,,,,
IssuesEvent,,,,,
IssuesEvent,,,,,
IssueCommentEvent,,,,,
IssueCommentEvent,,,,,
IssueCommentEvent,,,,,
IssueCommentEvent,,,,,
IssueCommentEvent,,,,,
IssueCommentEvent,,,,,
IssueCommentEvent,,,,,
IssueCommentEvent,,,,,
IssueCommentEvent,,,,,
IssueCommentEvent,,,,,
IssueCommentEvent,,,,,
IssueCommentEvent,,,,,
IssueCommentEvent,,,,,
IssueCommentEvent,,,,,
IssueCommentEvent,,,,,
IssueCommentEvent,,,,,
IssueCommentEvent,,,,,
IssueCommentEvent,,,,,
IssueCommentEvent,,,,,
IssueCommentEvent,,,,,
IssueCommentEvent,,,,,
IssueCommentEvent,,,,,
IssueCommentEvent,,,,,
IssueCommentEvent,,,,,
IssueCommentEvent,,,,,
IssueCommentEvent,,,,,
IssueCommentEvent,,,,,
IssueCommentEvent,,,,,
IssueCommentEvent,,,,,
IssueCommentEvent,,,,,
IssueCommentEvent,,,,,
IssueCommentEvent,,,,,
IssueCommentEvent,,,,,
IssueCommentEvent,,,,,
IssueCommentEvent,,,,,
IssueCommentEvent,,,,,
IssueCommentEvent,,,,,
IssueCommentEvent,,,,,
IssueCommentEvent,,,,,
IssueCommentEvent,,,,,
IssueCommentEvent,,,,,
IssueCommentEvent,,,,,
IssueCommentEvent,,,,,
IssueCommentEvent,,,,,
IssueCommentEvent,,,,,
PullRequestEvent,,,,,
PullRequestEvent,,,,,
PushEvent,,,,,
PushEvent,,,,,
PushEvent,,,,,
PullRequestEvent,,,,,
PullRequestEvent,,,,,
PullRequestEvent,,,,,
PullRequestEvent,,,,,
PushEvent,,,,,
PushEvent,,,,,
PushEvent,,,,,
PushEvent,,,,,
PushEvent,,,,,
PullRequestEvent,,,,,
PullRequestEvent,,,,,
PushEvent,,,,,
PullRequestEvent,,,,,
IssuesEvent,,,,,
IssuesEvent,,,,,
IssuesEvent,,,,,
IssuesEvent,,,,,
PushEvent,,,,,
PushEvent,,,,,
PushEvent,,,,,
IssuesEvent,,,,,
IssuesEvent,,,,,
PushEvent,,,,,
PushEvent,,,,,
PushEvent,,,,,
PushEvent,,,,,
PushEvent,,,,,
IssuesEvent,,,,,
IssuesEvent,,,,,
IssuesEvent,,,,,
PushEvent,,,,,
IssuesEvent,,,,,
IssuesEvent,,,,,
IssuesEvent,,,,,
IssuesEvent,,,,,
IssuesEvent,,,,,
IssuesEvent,,,,,
IssuesEvent,,,,,
IssuesEvent,,,,,
IssuesEvent,,,,,
PushEvent,,,,,
PushEvent,,,,,
PushEvent,,,,,
PushEvent,,,,,
PushEvent,,,,,
PushEvent,,,,,
PushEvent,,,,,
PushEvent,,,,,
PushEvent,,,,,
PushEvent,,,,,
PushEvent,,,,,
PushEvent,,,,,
PushEvent,,,,,
PushEvent,,,,,
PushEvent,,,,,
PushEvent,,,,,
PushEvent,,,,,
PushEvent,,,,,
PushEvent,,,,,
PushEvent,,,,,
PushEvent,,,,,
PushEvent,,,,,
PushEvent,,,,,
PushEvent,,,,,
PushEvent,,,,,
PushEvent,,,,,
PushEvent,,,,,
PushEvent,,,,,
PushEvent,,,,,
PushEvent,,,,,
PushEvent,,,,,
PushEvent,,,,,
PushEvent,,,,,
PushEvent,,,,,
PushEvent,,,,,
PushEvent,,,,,
PushEvent,,,,,
PushEvent,,,,,
PushEvent,,,,,
PushEvent,,,,,
PushEvent,,,,,
PushEvent,,,,,
PushEvent,,,,,
PushEvent,,,,,
PushEvent,,,,,
